Tên;Username;NumOfFollower;NumOfLike
Nhà Đất Hà Nội;thangyuno8389;1520;2060
Nhà Đất Hà Nội;bds_nhadat_hanoi;1486;41000
Nhà Đất Hà Nội;nhadat_hanoi;2626;10400
Nhà đất hà nội;nh.t.tim.nng;2856;1366
Nhà đất Hà Nội;nh031719;1177;1325
Nhà đất Hà Nội;trungnhadat.user18151559;2011;12300
nhà đất hà nội;cuong_nhadat;430;1218
Nhà Đất Hà Nội;nha_dat_ha_noi;322;1778
Nhà Đất Hà Nội;nh.t.h.ni1;441;1037
1986 - NHÀ ĐẤT HÀ NỘI;1986nhadathanoi;6539;37100
Nhà Đất Hà Nội;nhadathanoi100;4802;63900
Nhà Đất Hà Nội;hung.nha.dat;1089;25300
Nhà Đất Hà Nội;nhadathung;956;1710
Nhà đất Hà Nội;review_nhadat_hanoi;7932;1299
Nhà Đất Hà Nội;muanhahanoi68;53;273
Nhà đất Hà Nội;minh.vng.p.trai2;1657;254
Nhà Đất Hà Nội;nhamatphohanoi;4425;2336
nhà đất hà nội;trai_suong_gio;90;77
Nhà Đất Hà Nội 2026;nhadathanoi29.30;1486;3873
Nhà đất Hà Nội;nhadephanoi79;50;429
NHÀ ĐẤT HÀ NỘI;batdongsan683;84;10400
Nhà Đất Hà Nội;windaiduong;236;78
NHÀ ĐẤT HÀ NỘI;manhlong7777;961;352
Nhà đất Hà Nội;nh.t.h.ni71;133;30
Nhà đất hà nội;nhadathanoi126;28;92
NHÀ ĐẤT HÀ NỘI;kecodoc18318;26;23
NHÀ ĐẤT HÀ NỘI;hungnhapho123;341;106
Nhà đất Hà Nội;nhadathanoi.1032;14;47
NHÀ ĐẤT HÀ NỘI;nhadatdep8668;1189;60
Nhà đất Hà Nội;nhadathanoi24g;314;141
NHÀ ĐẤT Hà Nội;nhadathnuytin;33;83
Nhà Đất Hà Nội;mai.hc.hn;44;47
Nhà Đất Hà Nội;nh.t.h.ni5;39;38
Nhà Đất Hà Nội;nhadathanoilandhouse;95;197
NHÀ ĐẤT HÀ NỘI;batdongsanthanhdat88;32;15
Nhà Đất Hà Nội;nhadatthanhtung29;61;18
Hùng nhà đất Hà Nội Star Land;hungnhadathanoi.starland;7762;36500
Nhà Đất Hà Nội 99-Ngọc Hứa;nhadathanoi99;1151;1458
Nhà Đất Hà Nội;nhadathanoi85;315;168
Nhà Đất Hà nội;linhvychuyenkiguinhadat;56;207
Nhà Đất Hà Nội;nhadat.hanoi;344;93
Nhà Đất Hà Nội;hieutran6886;15;14
Nhà đất hà nội;phm.cng073;74;39
Nhà Đất Hà Nội;0387.279.991;15;20
Nhà đất Hà Nội;nhadathanoi8888;62;12
Nhà đất Hà Nội;nhadat_hpland;114;273
Nhà Đất Hà Nội;ngthanhhi3;62;23
Nhà đất Hà Nội 5 Sao;quockhanhhoaibds;754;5342
Nhà Đất Hà Nội;emsy.moigioinhadathanoi;13;40
Nhà Đất Hà Nội 86;nhadatchinhchu86;4765;13000
TRANG NHÀ ĐẤT HÀ NỘI ❤️;nguyn.trang5666;6211;87600
TỔNG KHO NHÀ ĐẤT HÀ NỘI;tng.kho.nh.t.h.ni;1691;14200
Hoà Nhà Đất Hà Nội;hoanhadathanoi;1080;1931
Nhà Đất Hà Nội 24H;nh.t.h.ni.24h;307;378
Nhà Đất Hà Nội;hung28.10.1981;42;13
Duy Nhà Đất Hà Nội;quangduybds88;1989;5568
NHÀ  ĐẤT - HÀ NỘI;user3506551711031;143;6
NHÀ ĐẤT HÀ ĐÔNG - HÀ NỘI;nha_dat_ha_dong;321;2032
Nhà Đất Hà Đông Hà Nội;nhadathadong8686;1237;2290
Nhà  Đất Hà Nội;nhadathn;59;84
Nhà Đất Hà Nội 🏡;nhadathanoi.3107;328;1653
nhận ký gửi nhà đất hà nội;mainhmtngi;4342;6056
Nhà đất Hà Nội - Em Ri viu;phamgiareviewchat99999;1150;4397
NGA -chuyên nhà thổ cư Hà Nội;hongnga12345_;30400;442900
Nhà Đẹp Hà Nội 🏠;nhadephanoi22;12300;257300
PHẠM TRANG NHÀ ĐẸP HÀ NỘI;phamtrangnhadephn;8264;46700
Tại nhà Hà Nội đẹp 🏡;nhadephanoi83;9220;191100
HA LINH (Admin NGHIEN NHA);halinh.nghiennha;165700;2800000
Nhà Đất Hà Nội;bannhadephanoi1102;1308;29500
Vitamin Hà Nội;vitamin.hanoi;1600000;47500000
